date,predicted_residual,years_since_halving,realized_vol_30,dxy_ret_30,dxy_ret_100,short_percent_r,long_percent_r,wr_composite,log_price_residual,predicted_price
2026-08-24,-0.621526,2.343600,-0.588524,-0.263132,-0.047345,0.806773,0.755791,0.047188,-0.621526,61586.654574
2026-08-25,-0.619146,2.346338,-0.585911,-0.260803,-0.045476,0.806078,0.753106,0.048642,-0.619146,61782.141907
2026-08-26,-0.616788,2.349076,-0.576091,-0.253124,-0.040705,0.802532,0.744610,0.054478,-0.616788,61976.897090
2026-08-27,-0.622555,2.351814,-0.560605,-0.243801,-0.034560,0.796340,0.731231,0.064104,-0.622555,61669.140063
2026-08-28,-0.614805,2.354552,-0.560837,-0.238472,-0.035115,0.783912,0.711060,0.081856,-0.614805,62197.952269
2026-08-29,-0.607392,2.357290,-0.542066,-0.228113,-0.030426,0.770164,0.687692,0.101996,-0.607392,62710.168728
2026-08-30,-0.608544,2.360027,-0.519775,-0.207138,-0.030861,0.749055,0.657860,0.131976,-0.608544,62687.408835
2026-08-31,-0.630954,2.362765,-0.456949,-0.189559,-0.036576,0.721102,0.622416,0.172189,-0.630954,61346.594560
2026-09-01,-0.616709,2.365503,-0.389367,-0.147540,-0.023861,0.702072,0.592893,0.198496,-0.616709,62275.757209
2026-09-02,-0.647373,2.368241,-0.335702,-0.056153,0.059968,0.681386,0.560068,0.227694,-0.647373,60442.758857
2026-09-03,-0.648230,2.370979,-0.293247,-0.008969,0.134268,0.650447,0.522559,0.268814,-0.648230,60438.605743
2026-09-04,-0.651401,2.373717,-0.292513,0.034319,0.137750,0.615024,0.484930,0.312910,-0.651401,60294.741667
2026-09-05,-0.667340,2.376454,-0.207128,0.111042,0.230401,0.582964,0.447162,0.352522,-0.667340,59388.110332
2026-09-06,-0.676394,2.379192,-0.161911,0.192740,0.308900,0.543206,0.407462,0.397801,-0.676394,58899.235639
2026-09-07,-0.658025,2.381930,0.003075,0.124714,0.274403,0.521561,0.375792,0.423072,-0.658025,60038.396782
2026-09-08,-0.657919,2.384668,0.064869,0.173824,0.329568,0.504696,0.342897,0.445192,-0.657919,60092.100702
2026-09-09,-0.654083,2.387406,0.199973,0.150475,0.349327,0.489394,0.318688,0.458130,-0.654083,60370.579020
2026-09-10,-0.641299,2.390144,0.266169,0.081382,0.359181,0.463488,0.287334,0.486074,-0.641299,61195.439857
2026-09-11,-0.637397,2.392882,0.321278,0.128784,0.425874,0.392716,0.229600,0.568570,-0.637397,61483.046494
2026-09-12,-0.630070,2.395619,0.434851,0.099245,0.412886,0.367483,0.243015,0.558135,-0.630070,61983.976878
2026-09-13,-0.615252,2.398357,0.692511,0.005043,0.349752,0.498313,0.276965,0.421762,-0.615252,62958.820200
2026-09-14,-0.620616,2.401095,0.764309,0.120919,0.509101,0.604070,0.272862,0.346279,-0.620616,62671.285499
2026-09-15,-0.644570,2.403833,0.728831,0.216074,0.609673,0.676847,0.252873,0.302805,-0.644570,61236.072846
2026-09-16,-0.650581,2.406571,0.764873,0.332026,0.648797,0.693040,0.207968,0.309905,-0.650581,60916.967452
2026-09-17,-0.671590,2.409309,0.778032,0.373566,0.733305,0.641854,0.112591,0.394938,-0.671590,59697.415509
2026-09-18,-0.675505,2.412047,0.337644,0.521862,0.738509,0.620843,0.053972,0.434721,-0.675505,59510.927694
2026-09-19,-0.659986,2.414784,0.375446,0.667851,0.862143,0.548474,-0.009060,0.516709,-0.659986,60489.240411
2026-09-20,-0.637266,2.417522,0.345252,0.743405,0.947880,0.419393,-0.073460,0.637429,-0.637266,61927.918800
2026-09-21,-0.616780,2.420260,0.296550,0.817275,0.934560,0.331232,-0.092447,0.707641,-0.616780,63259.336027
2026-09-22,-0.607660,2.422998,-0.274818,0.471308,0.737491,0.290073,-0.088770,0.724428,-0.607660,63889.086414
2026-09-23,-0.615766,2.425736,-0.277952,0.573123,0.818625,0.218774,-0.115252,0.778901,-0.615766,63423.112119
2026-09-24,-0.624316,2.428474,-0.325497,0.559630,0.792765,0.144031,-0.143777,0.849507,-0.624316,62932.591657
2026-09-25,-0.621891,2.431211,-0.341378,0.611328,0.856792,0.137010,-0.131437,0.848500,-0.621891,63134.963766
2026-09-26,-0.632744,2.433949,-0.357843,0.499086,0.758744,0.214721,-0.074215,0.767378,-0.632744,62502.505384
2026-09-27,-0.642908,2.436687,-0.486866,0.540164,0.667751,0.195201,-0.057249,0.773899,-0.642908,61919.053672
2026-09-28,-0.634918,2.439425,-0.401984,0.638397,0.650117,0.147546,-0.075054,0.805362,-0.634918,62464.785677
2026-09-29,-0.636901,2.442163,-0.486979,0.638732,0.654603,0.125780,-0.080455,0.819723,-0.636901,62389.936000
2026-09-30,-0.653839,2.444901,-0.609334,0.503105,0.567100,0.139582,-0.044677,0.793660,-0.653839,61390.241754
2026-10-01,-0.633178,2.447639,-0.791051,0.354574,0.454276,0.177828,-0.013837,0.741287,-0.633178,62721.042932
2026-10-02,-0.625988,2.450376,-0.746227,0.195606,0.582321,0.252187,0.043902,0.652618,-0.625988,63223.215220
2026-10-03,-0.599589,2.453114,-0.708376,0.260600,0.632322,0.305783,0.073999,0.604037,-0.599589,64965.374363
2026-10-04,-0.578088,2.455852,-0.552271,0.102032,0.443174,0.467995,0.159625,0.434755,-0.578088,66429.389186
2026-10-05,-0.557064,2.458590,-0.581890,-0.175018,0.404731,0.616367,0.268983,0.280604,-0.557064,67894.017426
2026-10-06,-0.538061,2.461328,-0.487089,-0.131135,0.653608,0.653008,0.270989,0.254685,-0.538061,69250.813827
2026-10-07,-0.513217,2.464066,-0.490954,0.070201,0.646423,0.725720,0.304541,0.193602,-0.513217,71048.501356
2026-10-08,-0.505398,2.466804,-0.475790,0.009501,0.570357,0.824370,0.339015,0.118793,-0.505398,71662.294462
2026-10-09,-0.497446,2.469541,-0.528974,-0.032396,0.516949,0.905809,0.354797,0.053000,-0.497446,72291.071011
2026-10-10,-0.484499,2.472279,-0.523892,0.085896,0.617087,0.933736,0.336657,0.037199,-0.484499,73290.532212
2026-10-11,-0.510508,2.475017,-0.498767,0.078806,0.634992,0.964141,0.323555,0.018807,-0.510508,71464.802979
2026-10-12,-0.535426,2.477755,-0.574930,0.051285,0.607217,0.893380,0.260885,0.090326,-0.535426,69760.658660
2026-10-13,-0.546998,2.480493,-0.692782,0.395784,0.646944,0.847400,0.244508,0.127468,-0.546998,69012.105094
2026-10-14,-0.546676,2.483231,-0.512630,0.032229,0.517310,0.911078,0.331238,0.063788,-0.546676,69088.395219
2026-10-15,-0.548103,2.485969,-0.511690,-0.123999,0.517038,0.971982,0.398098,0.009143,-0.548103,69043.882445
2026-10-16,-0.546054,2.488706,-0.505478,-0.279902,0.478393,0.974854,0.397740,0.003762,-0.546054,69239.683460
2026-10-17,-0.545796,2.491444,-0.444592,-0.379468,0.348728,0.932928,0.364833,0.034900,-0.545796,69311.765757
2026-10-18,-0.541553,2.494182,0.393451,-0.447993,0.297133,0.790106,0.216324,0.171211,-0.541553,69660.964147
2026-10-19,-0.538929,2.496920,1.486151,-0.458313,0.471274,0.606149,0.071992,0.383014,-0.538929,69898.615014
2026-10-20,-0.526317,2.499658,1.990698,-0.773862,0.094842,0.595691,0.135069,0.362741,-0.526317,70841.175166
2026-10-21,-0.531474,2.502396,2.011561,-1.008356,-0.218491,0.569605,0.140188,0.382630,-0.531474,70531.950310
2026-10-22,-0.537829,2.505133,2.041369,-0.929828,-0.145364,0.484452,0.138857,0.446889,-0.537829,70139.917653
2026-10-23,-0.567708,2.507871,2.075849,-0.910887,-0.156868,0.374526,0.095863,0.569633,-0.567708,68128.461308
2026-10-24,-0.598510,2.510609,2.067239,-0.829552,-0.061228,0.300574,0.091614,0.637190,-0.598510,66113.631079
2026-10-25,-0.618894,2.513347,2.082753,-0.896785,-0.094207,0.271454,0.109560,0.649090,-0.618894,64830.286576
2026-10-26,-0.642317,2.516085,2.120863,-0.903153,-0.169693,0.254994,0.107661,0.665182,-0.642317,63378.913334
2026-10-27,-0.661646,2.518823,2.192786,-0.816227,-0.019048,0.227183,0.102048,0.694223,-0.661646,62214.201721
2026-10-28,-0.670680,2.521561,2.180802,-0.856596,0.155168,0.232577,0.111755,0.681616,-0.670680,61702.867937
2026-10-29,-0.665406,2.524298,2.118368,-0.775397,0.243538,0.195707,0.096672,0.726385,-0.665406,62077.624766
2026-10-30,-0.663057,2.527036,2.127561,-0.655479,0.198662,0.136216,0.056426,0.811053,-0.663057,62272.204800
2026-10-31,-0.661514,2.529774,2.055638,-0.469047,0.381835,0.079526,0.010586,0.901168,-0.661514,62417.089809
2026-11-01,-0.647361,2.532512,2.043663,-0.623238,0.267866,0.033838,0.006638,0.943363,-0.647361,63356.184451
2026-11-02,-0.637497,2.535250,2.087210,-0.821082,0.049859,0.017643,0.031903,0.933295,-0.637497,64034.158124
2026-11-03,-0.652114,2.537988,2.014905,-0.722905,0.082756,-0.009463,0.035889,0.948945,-0.652114,63154.261508
2026-11-04,-0.638734,2.540726,1.950709,-0.600404,0.141470,-0.051332,0.026781,0.987845,-0.638734,64054.930611
2026-11-05,-0.633468,2.543463,1.884110,-0.676025,0.057695,-0.128599,0.006062,1.059869,-0.633468,64443.355153
2026-11-06,-0.638532,2.546201,1.686716,-0.743862,-0.086162,-0.198012,-0.060795,1.137326,-0.638532,64167.908982
2026-11-07,-0.633620,2.548939,1.653010,-0.512333,0.037265,-0.229829,-0.103689,1.183899,-0.633620,64534.172969
2026-11-08,-0.627271,2.551677,1.601221,-0.398519,0.145988,-0.201523,-0.108954,1.151633,-0.627271,64995.840270
2026-11-09,-0.627230,2.554415,1.676744,-0.594229,0.003791,-0.043437,-0.048792,0.972766,-0.627230,65049.196941
2026-11-10,-0.623280,2.557153,1.674381,-0.745150,-0.133449,0.083472,-0.036151,0.857120,-0.623280,65357.619498
2026-11-11,-0.630802,2.559890,1.685239,-0.709698,-0.115316,0.277808,-0.014691,0.681581,-0.630802,64918.382895
2026-11-12,-0.633818,2.562628,1.667086,-0.893198,-0.096369,0.375712,-0.029749,0.602275,-0.633818,64773.355513
2026-11-13,-0.632475,2.565366,1.570937,-0.763600,-0.224623,0.515966,-0.009866,0.476475,-0.632475,64910.975597
2026-11-14,-0.618782,2.568104,1.558969,-0.645385,-0.177578,0.585703,0.013409,0.412234,-0.618782,65857.177009
2026-11-15,-0.613764,2.570842,1.560159,-0.513894,-0.127050,0.635071,0.022268,0.370511,-0.613764,66240.063725
2026-11-16,-0.593242,2.573580,1.559138,-0.489517,-0.267452,0.621867,0.016101,0.384120,-0.593242,67666.145710
2026-11-17,-0.581817,2.576318,1.101850,-0.489912,-0.255128,0.649799,0.023248,0.355895,-0.581817,68496.979104
2026-11-18,-0.581323,2.579055,-0.040364,-0.568508,-0.316537,0.650058,0.033564,0.353979,-0.581323,68584.197789
2026-11-19,-0.568737,2.581793,-0.785041,-0.251896,-0.397928,0.609300,0.006115,0.386409,-0.568737,69506.972563
2026-11-20,-0.590881,2.584531,-0.776937,-0.038261,-0.426615,0.654892,-0.026260,0.338706,-0.590881,68037.663665
2026-11-21,-0.609608,2.587269,-0.885131,-0.033206,-0.473689,0.730261,-0.015265,0.272157,-0.609608,66827.306837
2026-11-22,-0.616200,2.590007,-0.881932,-0.274758,-0.598079,0.823470,0.053040,0.189220,-0.616200,66439.945785
2026-11-23,-0.652862,2.592745,-0.896603,-0.357534,-0.623417,0.830369,0.083644,0.178862,-0.652862,64098.058168
2026-11-24,-0.691070,2.595483,-0.866318,-0.239736,-0.586678,0.753295,0.037579,0.239018,-0.691070,61743.194475
2026-11-25,-0.719452,2.598220,-0.816086,-0.130673,-0.516095,0.562074,-0.100505,0.409112,-0.719452,60062.110838
2026-11-26,-0.738557,2.600958,-0.829536,-0.212924,-0.518199,0.459582,-0.149399,0.506592,-0.738557,58971.365413
2026-11-27,-0.745853,2.603696,-0.827619,-0.286986,-0.465270,0.394898,-0.187032,0.580310,-0.745853,58588.212702
2026-11-28,-0.748505,2.606434,-0.789269,-0.315332,-0.398900,0.270614,-0.290521,0.714991,-0.748505,58478.471321
2026-11-29,-0.740940,2.609172,-0.783849,-0.449893,-0.496335,0.238727,-0.287812,0.732094,-0.740940,58968.330522
2026-11-30,-0.737988,2.611910,-0.899551,-0.532126,-0.366248,0.195114,-0.285948,0.762330,-0.737988,59188.647164
2026-12-01,-0.732777,2.614648,-0.986865,-0.414422,-0.571349,0.144901,-0.301313,0.792453,-0.732777,59544.117579
2026-12-02,-0.732698,2.617385,-1.126666,-0.293077,-0.591276,0.101021,-0.319201,0.817125,-0.732698,59595.086080
2026-12-03,-0.716936,2.620123,-1.282619,-0.344417,-0.643697,0.113140,-0.262612,0.814509,-0.716936,60588.940734
2026-12-04,-0.696712,2.622861,-1.300501,-0.311331,-0.617303,0.138473,-0.216938,0.803575,-0.696712,61874.762629
2026-12-05,-0.729311,2.625599,-1.287762,-0.373864,-0.677867,0.172827,-0.174498,0.778075,-0.729311,59936.765098
2026-12-06,-0.758003,2.628337,-1.101389,-0.385596,-0.664876,0.144042,-0.162916,0.821836,-0.758003,58286.699216
2026-12-07,-0.751681,2.631075,-1.103474,-0.507569,-0.629314,0.099819,-0.173685,0.885546,-0.751681,58701.878252
2026-12-08,-0.776313,2.633812,-1.128450,-0.635465,-0.700629,0.095994,-0.156705,0.900713,-0.776313,57318.093957
2026-12-09,-0.802744,2.636550,-1.315450,-0.559000,-0.756799,0.090861,-0.147666,0.917826,-0.802744,55866.309491
2026-12-10,-0.821477,2.639288,-1.335482,-0.421385,-0.868742,0.071490,-0.165313,0.954086,-0.821477,54872.050467
2026-12-11,-0.828968,2.642026,-1.344308,-0.319320,-1.007116,0.066706,-0.155835,0.961817,-0.828968,54504.792921
2026-12-12,-0.836142,2.644764,-1.352360,-0.329330,-1.018647,0.070987,-0.149494,0.957681,-0.836142,54157.160243
2026-12-13,-0.829705,2.647502,-1.366986,-0.088758,-0.923999,0.073530,-0.122725,0.938569,-0.829705,54549.135646
2026-12-14,-0.819502,2.650240,-1.383110,-0.231905,-1.085390,0.089079,-0.133438,0.911080,-0.819502,55151.322562
2026-12-15,-0.800483,2.652977,-1.379008,-0.167476,-1.049886,0.148964,-0.135933,0.854374,-0.800483,56253.885147
2026-12-16,-0.781713,2.655715,-1.396928,-0.242900,-1.020290,0.358603,-0.128381,0.673701,-0.781713,57364.168139
2026-12-17,-0.770716,2.658453,-1.436818,-0.130732,-0.914211,0.515400,-0.124686,0.541583,-0.770716,58043.460094
2026-12-18,-0.746305,2.661191,-1.432207,-0.176245,-0.908657,0.659774,-0.110650,0.418063,-0.746305,59523.898447
2026-12-19,-0.697180,2.663929,-1.419119,-0.354579,-0.998885,0.731685,-0.071205,0.354532,-0.697180,62569.419114
2026-12-20,-0.647738,2.666667,-1.468239,-0.319065,-1.024007,0.844437,-0.016852,0.263157,-0.647738,65791.723474
2026-12-21,-0.633628,2.669405,-1.385465,-0.299413,-0.978832,0.947013,0.091752,0.173476,-0.633628,66778.291390
2026-12-22,-0.611366,2.672142,-1.242181,-0.298890,-0.964753,1.016222,0.275827,0.096988,-0.611366,68334.435146
2026-12-23,-0.609455,2.674880,-1.020627,-0.306643,-1.112579,1.075307,0.485332,0.035983,-0.609455,68518.229536
2026-12-24,-0.617609,2.677618,-0.914238,-0.393910,-1.240241,1.106575,0.733441,-0.015318,-0.617609,68014.384613
2026-12-25,-0.628784,2.680356,-1.054715,-0.462803,-1.335148,1.103740,0.838225,-0.025408,-0.628784,67310.663695
2026-12-26,-0.626838,2.683094,-1.047761,-0.446350,-1.342168,1.139576,0.946704,-0.056646,-0.626838,67493.960385
2026-12-27,-0.621589,2.685832,-1.050225,-0.371247,-1.348109,1.198085,1.007883,-0.090130,-0.621589,67901.664525
2026-12-28,-0.631519,2.688569,-1.025801,-0.402170,-1.441069,1.201147,0.970756,-0.099952,-0.631519,67282.781277
2026-12-29,-0.636598,2.691307,-1.192678,-0.329070,-1.527344,1.282716,1.064208,-0.179250,-0.636598,66993.681112
2026-12-30,-0.619692,2.694045,-0.861905,-0.421330,-1.538900,1.356767,1.151370,-0.218411,-0.619692,68188.601766
2026-12-31,-0.618966,2.696783,-0.831633,-0.388117,-1.388772,1.375887,1.155860,-0.236875,-0.618966,68290.910471
2027-01-01,-0.612482,2.699521,-0.725037,-0.374555,-1.482291,1.359538,1.134028,-0.219394,-0.612482,68788.300103
2027-01-02,-0.604088,2.702259,-0.606998,-0.234701,-1.382930,1.378410,1.157772,-0.231478,-0.604088,69421.766752
2027-01-03,-0.588005,2.704997,-0.573694,-0.287557,-1.459806,1.384557,1.152862,-0.246860,-0.588005,70601.863513
2027-01-04,-0.507250,2.707734,-0.589151,-0.300782,-1.440226,1.371273,1.142383,-0.243647,-0.507250,76598.999212
2027-01-05,-0.461176,2.710472,-0.766976,-0.217130,-1.384918,1.367465,1.147385,-0.260266,-0.461176,80272.831956
2027-01-06,-0.430314,2.713210,-0.785060,-0.222603,-1.440583,1.401097,1.185701,-0.298133,-0.430314,82852.746931
2027-01-07,-0.430541,2.715948,-0.768182,-0.132732,-1.434121,1.419602,1.206877,-0.326669,-0.430541,82897.994069
2027-01-08,-0.437282,2.718686,-1.741764,-0.104985,-1.344971,1.469228,1.398378,-0.475990,-0.437282,82404.624850
2027-01-09,-0.437010,2.721424,-1.676237,-0.014117,-1.225353,1.395845,1.366998,-0.466809,-0.437010,82490.721025
2027-01-10,-0.429408,2.724162,-1.711516,-0.048773,-1.254696,1.335261,1.347127,-0.418767,-0.429408,83184.379718
2027-01-11,-0.439064,2.726899,-1.698327,-0.082168,-1.358451,1.332426,1.400950,-0.408691,-0.439064,82448.622015
2027-01-12,-0.440469,2.729637,-1.249166,-0.167506,-1.196821,1.327910,1.414866,-0.410857,-0.440469,82396.403952
2027-01-13,-0.447710,2.732375,-1.205592,0.009258,-0.926388,1.298456,1.403461,-0.410200,-0.447710,81865.097979
2027-01-14,-0.453402,2.735113,-1.291561,0.016164,-0.910666,1.290608,1.439633,-0.481675,-0.453402,81463.265788
2027-01-15,-0.485085,2.737851,-1.298915,0.080813,-1.021177,1.214080,1.373602,-0.428198,-0.485085,78983.584956
2027-01-16,-0.471182,2.740589,-1.294205,0.054133,-0.881995,1.129696,1.314537,-0.371678,-0.471182,80151.172740
2027-01-17,-0.471132,2.743326,-1.281353,0.023183,-0.861127,1.122397,1.338416,-0.358922,-0.471132,80217.003938
2027-01-18,-0.458516,2.746064,-1.268197,0.101926,-0.994013,1.073158,1.312099,-0.314985,-0.458516,81298.091262
2027-01-19,-0.376298,2.748802,-1.062096,0.084177,-1.025966,0.902885,1.209127,-0.235208,-0.376298,88332.780284
2027-01-20,-0.331610,2.751540,-1.078068,0.133864,-0.904321,0.700810,1.149414,-0.152571,-0.331610,92440.994331
2027-01-21,-0.306774,2.754278,-1.155835,0.285427,-1.058852,0.559518,1.111546,-0.098488,-0.306774,94838.578367
2027-01-22,-0.319409,2.757016,-1.303137,0.332520,-0.827764,0.449000,1.093854,-0.059671,-0.319409,93720.076617
2027-01-23,-0.347120,2.759754,-1.470793,0.269747,-0.870142,0.371781,1.083758,-0.029087,-0.347120,91228.892631
2027-01-24,-0.360928,2.762491,-1.445767,0.250620,-0.831903,0.373826,1.122759,-0.053666,-0.360928,90047.184196
2027-01-25,-0.358843,2.765229,-0.993357,0.353864,-0.646654,0.600700,1.276404,-0.191363,-0.358843,90304.664007
2027-01-26,-0.371637,2.767967,-0.941821,0.315641,-0.620272,0.625418,1.247727,-0.159707,-0.371637,89225.288341
2027-01-27,-0.389441,2.770705,-0.927662,0.303195,-0.714820,0.713810,1.286609,-0.164742,-0.389441,87718.304576
2027-01-28,-0.380215,2.773443,-0.867946,0.363738,-0.434645,0.785004,1.315133,-0.161043,-0.380215,88599.472443
2027-01-29,-0.373571,2.776181,-1.122855,0.416131,-0.155205,0.766245,1.296997,-0.112777,-0.373571,89258.763915
2027-01-30,-0.393622,2.778919,-1.116649,0.354220,-0.143025,0.819212,1.341579,-0.110794,-0.393622,87554.249917
2027-01-31,-0.358497,2.781656,-1.085864,0.437311,-0.175536,0.820706,1.333592,-0.094427,-0.358497,90754.014755
2027-02-01,-0.329504,2.784394,-1.079918,0.415655,-0.183119,0.798697,1.314441,-0.072813,-0.329504,93495.596292
2027-02-02,-0.325664,2.787132,-1.086048,0.469423,-0.140509,0.772995,1.299499,-0.065829,-0.325664,93927.584663
2027-02-03,-0.295946,2.789870,-1.045959,0.616398,0.030817,0.690830,1.244774,-0.049776,-0.295946,96835.259201
2027-02-04,-0.273348,2.792608,-1.007985,0.582648,-0.034131,0.595233,1.196606,-0.029574,-0.273348,99124.598537
2027-02-05,-0.263216,2.795346,-0.995049,0.538039,-0.098350,0.633153,1.205582,-0.083504,-0.263216,100211.082120
2027-02-06,-0.282078,2.798084,-0.995755,0.482593,-0.222887,0.664387,1.210092,-0.128398,-0.282078,98414.135576
2027-02-07,-0.307013,2.800821,-0.183720,0.575966,-0.155653,0.652656,1.185252,-0.141977,-0.307013,96064.389617
2027-02-08,-0.295702,2.803559,-0.105350,0.417250,-0.377629,0.687893,1.195749,-0.172766,-0.295702,97231.772307
2027-02-09,-0.292978,2.806297,-0.063708,0.451452,-0.224471,0.718778,1.200991,-0.200194,-0.292978,97571.923887
2027-02-10,-0.269595,2.809035,0.037892,0.447669,-0.141648,0.648701,1.130473,-0.166612,-0.269595,99957.100265
2027-02-11,-0.276129,2.811773,-0.302821,0.304553,-0.207701,0.631185,1.114138,-0.173400,-0.276129,99382.439334
2027-02-12,-0.266632,2.814511,-0.277257,0.120107,-0.224609,0.608644,1.105012,-0.159520,-0.266632,100407.845149
2027-02-13,-0.254074,2.817248,-0.008789,-0.004742,-0.259445,0.585061,1.103871,-0.149219,-0.254074,101754.731523
2027-02-14,-0.269755,2.819986,0.090938,0.250928,-0.052056,0.489529,1.073924,-0.090403,-0.269755,100248.472397
2027-02-15,-0.253952,2.822724,0.135218,0.184586,-0.206554,0.388362,1.018824,-0.012402,-0.253952,101923.492251
2027-02-16,-0.248026,2.825462,0.305010,0.204205,-0.282539,0.323526,0.898037,0.110632,-0.248026,102608.027868
2027-02-17,-0.276006,2.828200,0.352000,0.159335,-0.261770,0.321713,0.839649,0.172259,-0.276006,99853.449738
2027-02-18,-0.296996,2.830938,0.230101,0.193596,-0.102633,0.316168,0.823020,0.202021,-0.296996,97854.380442
2027-02-19,-0.306903,2.833676,0.505725,0.150556,-0.054136,0.413873,0.926367,0.081288,-0.306903,96964.072558
2027-02-20,-0.301878,2.836413,0.994634,-0.026507,-0.202885,0.612238,1.119278,-0.114341,-0.301878,97527.333420
2027-02-21,-0.297818,2.839151,1.036654,-0.043170,-0.113217,0.710373,1.148453,-0.158213,-0.297818,97999.163535
2027-02-22,-0.311871,2.841889,1.175604,0.179746,-0.060255,0.779598,1.153412,-0.169493,-0.311871,96705.782477
2027-02-23,-0.301183,2.844627,1.196487,0.213058,-0.123310,0.856605,1.193806,-0.194407,-0.301183,97819.812127
2027-02-24,-0.310210,2.847365,1.197546,0.022431,-0.141663,0.978243,1.295070,-0.241295,-0.310210,97015.153621
2027-02-25,-0.302235,2.850103,1.218364,0.016537,-0.119236,1.030525,1.300944,-0.238836,-0.302235,97866.894293
2027-02-26,-0.315564,2.852841,1.281161,0.068105,-0.084615,0.988128,1.294172,-0.175105,-0.315564,96645.101803
2027-02-27,-0.336304,2.855578,1.283068,-0.005761,-0.193110,0.964732,1.278017,-0.141528,-0.336304,94733.799293
2027-02-28,-0.299643,2.858316,1.394558,-0.019964,-0.138404,0.992439,1.324775,-0.134235,-0.299643,98346.637774
2027-03-01,-0.295380,2.861054,1.483234,-0.094795,-0.204253,0.953713,1.274965,-0.103703,-0.295380,98842.396871
2027-03-02,-0.298462,2.863792,1.511443,-0.145602,-0.046780,0.953444,1.301789,-0.087710,-0.298462,98613.721700
2027-03-03,-0.286817,2.866530,1.572780,-0.132344,0.042718,0.900697,1.254322,-0.055489,-0.286817,99845.247881
2027-03-04,-0.309505,2.869268,1.590390,-0.154576,-0.056239,0.881069,1.242544,-0.044462,-0.309505,97680.222249
2027-03-05,-0.319683,2.872005,1.548145,-0.251401,-0.091094,0.876901,1.254881,-0.034602,-0.319683,96765.059036
2027-03-06,-0.340593,2.874743,1.568962,-0.225455,-0.048595,0.854748,1.210132,-0.023786,-0.340593,94835.296863
2027-03-07,-0.355329,2.877481,1.592236,-0.279453,-0.093297,0.846542,1.196502,-0.016468,-0.355329,93519.505150
2027-03-08,-0.346817,2.880219,1.582202,-0.210712,-0.119941,0.881878,1.220314,-0.022330,-0.346817,94391.124851
2027-03-09,-0.325433,2.882957,1.542098,-0.348092,-0.056073,0.878918,1.172675,-0.014702,-0.325433,96505.090632
2027-03-10,-0.256045,2.885695,1.456837,-0.219377,-0.065815,0.925532,1.196389,-0.032879,-0.256045,103518.373850
2027-03-11,-0.244348,2.888433,1.483879,-0.304367,-0.114911,0.939852,1.186560,-0.040548,-0.244348,104816.419241
2027-03-12,-0.249896,2.891170,1.345121,-0.253659,-0.103236,0.915007,1.160142,-0.030764,-0.249896,104316.260557
2027-03-13,-0.261283,2.893908,1.379088,-0.254314,-0.119858,0.863560,1.134503,-0.025255,-0.261283,103213.985710
2027-03-14,-0.327855,2.896646,1.348635,-0.370065,-0.284158,0.833938,1.124444,-0.015542,-0.327855,96640.385529
2027-03-15,-0.332899,2.899384,1.397505,-0.401820,-0.288570,0.784055,1.096275,-0.002916,-0.332899,96227.633952
2027-03-16,-0.305232,2.902122,1.431521,-0.570097,-0.242424,0.694773,1.044757,0.021010,-0.305232,99002.726245
2027-03-17,-0.287703,2.904860,1.393993,-0.545101,-0.249961,0.590222,1.010531,0.035494,-0.287703,100830.451226
2027-03-18,-0.243475,2.907598,1.148731,-0.503213,-0.155485,0.511316,0.989790,0.047226,-0.243475,105470.622902
2027-03-19,-0.260192,2.910335,1.115577,-0.430692,-0.138294,0.487263,0.981716,0.047980,-0.260192,103801.305896
2027-03-20,-0.246553,2.913073,1.143773,-0.402496,-0.088470,0.556936,0.980724,0.038349,-0.246553,105307.121824
2027-03-21,-0.208637,2.915811,0.970082,-0.424733,-0.163828,0.579169,0.948315,0.047920,-0.208637,109460.106889
2027-03-22,-0.184466,2.918549,0.489255,-0.331306,-0.207833,0.607085,0.940052,0.045982,-0.184466,112223.795576
2027-03-23,-0.188434,2.921287,0.345345,-0.407925,-0.430566,0.669211,0.978776,0.039978,-0.188434,111864.625685
2027-03-24,-0.173443,2.924025,0.190500,-0.483843,-0.314408,0.679896,0.960030,0.037645,-0.173443,113640.988954
2027-03-25,-0.090603,2.926762,-0.110653,-0.460765,-0.416246,0.668704,0.932456,0.037370,-0.090603,123550.061826
2027-03-26,-0.069851,2.929500,-0.814914,-0.370222,-0.269491,0.695355,0.946878,0.023785,-0.069851,126237.019614
2027-03-27,-0.030650,2.932238,-0.779780,-0.343817,-0.332054,0.699002,0.991392,0.012191,-0.030650,131384.123777
2027-03-28,0.013005,2.934976,-1.017689,-0.439807,-0.347149,0.779409,1.080753,-0.018407,0.013005,137351.362259
2027-03-29,-0.037685,2.937714,-0.832725,-0.439583,-0.276688,0.721057,1.074230,-0.024013,-0.037685,130662.182249
2027-03-30,-0.088111,2.940452,-0.947034,-0.464171,-0.280901,0.606479,1.024105,0.002203,-0.088111,124331.492564
2027-03-31,-0.091526,2.943190,-0.990120,-0.402490,-0.303005,0.460570,0.973895,0.050619,-0.091526,124002.070386
2027-04-01,-0.092774,2.945927,-1.050927,-0.434159,-0.176964,0.398349,0.968147,0.068195,-0.092774,123941.862043
2027-04-02,-0.075274,2.948665,-1.437295,-0.547319,-0.192426,0.366258,1.005141,0.056731,-0.075274,126226.076799
2027-04-03,-0.074095,2.951403,-1.545544,-0.577513,-0.234466,0.353308,1.038778,0.026436,-0.074095,126471.279798
2027-04-04,-0.087546,2.954141,-1.600531,-0.484059,-0.106484,0.395739,1.062537,-0.009825,-0.087546,124876.622606
2027-04-05,-0.073968,2.956879,-1.676258,-0.594976,-0.186728,0.443500,1.084382,-0.040086,-0.073968,126680.119507
2027-04-06,-0.048708,2.959617,-1.607621,-0.496950,-0.210128,0.578916,1.153897,-0.112610,-0.048708,130019.828117
2027-04-07,-0.092694,2.962355,-1.643545,-0.487616,-0.198303,0.668595,1.182590,-0.160118,-0.092694,124519.462383
2027-04-08,-0.104596,2.965092,-1.419218,-0.467115,-0.185990,0.697995,1.149853,-0.167166,-0.104596,123139.930202
2027-04-09,-0.002848,2.967830,-1.342430,-0.536459,-0.173013,0.740223,1.149098,-0.175105,-0.002848,136432.615665
2027-04-10,0.030695,2.970568,-1.223230,-0.444356,-0.165334,0.671555,1.084660,-0.137136,0.030695,141193.956534
2027-04-11,0.050634,2.973306,-1.124106,-0.417767,-0.140960,0.661837,1.069712,-0.142157,0.050634,144147.135224
2027-04-12,0.123943,2.976044,-1.128599,-0.446010,-0.327120,0.681209,1.073924,-0.158655,0.123943,155229.368414
2027-04-13,0.078706,2.978782,-1.129661,-0.283233,-0.280924,0.680499,1.059062,-0.152646,0.078706,148476.738712
2027-04-14,-0.012943,2.981520,-1.075282,-0.268177,-0.256609,0.779327,1.105012,-0.194637,-0.012943,135576.985691
2027-04-15,-0.021938,2.984257,-1.039394,-0.277675,-0.304430,0.786035,1.080146,-0.187456,-0.021938,134465.093985
2027-04-16,-0.065524,2.986995,-1.018018,-0.252938,-0.281990,0.746911,1.040651,-0.165156,-0.065524,128828.104474
2027-04-17,-0.092002,2.989733,-0.976005,-0.253723,-0.276730,0.630417,0.971028,-0.095576,-0.092002,125557.212840
2027-04-18,-0.088024,2.992471,-1.049315,-0.200299,-0.233525,0.483326,0.910665,0.005492,-0.088024,126153.493304
2027-04-19,-0.088698,2.995209,-1.169844,-0.269134,-0.346905,0.392487,0.886394,0.067125,-0.088698,126164.307568
2027-04-20,-0.065853,2.997947,-1.185828,-0.175676,-0.295330,0.273140,0.843480,0.147228,-0.065853,129177.762101
2027-04-21,-0.034361,3.000684,-1.166126,-0.044384,-0.177684,0.194243,0.787831,0.219918,-0.034361,133411.967244
2027-04-22,-0.053599,3.003422,-1.102356,0.011431,-0.264154,0.098434,0.738510,0.283628,-0.053599,130969.264057
2027-04-23,-0.097538,3.006160,-1.112769,-0.054140,-0.390102,0.075723,0.746871,0.289747,-0.097538,125434.409681
2027-04-24,-0.027732,3.008898,-0.918590,-0.101791,-0.557869,0.085561,0.762965,0.273958,-0.027732,134605.574450
2027-04-25,0.024421,3.011636,-0.630156,0.075083,-0.284751,0.052559,0.740572,0.295587,0.024421,141919.559367
2027-04-26,0.046469,3.014374,-0.633076,0.052771,-0.339136,0.066493,0.758936,0.277496,0.046469,145193.574261
2027-04-27,0.086872,3.017112,-0.603818,0.206088,-0.171717,-0.036389,0.681675,0.357417,0.086872,151294.813493
2027-04-28,0.061376,3.019849,-0.784037,0.203672,-0.176616,-0.074708,0.649894,0.387658,0.061376,147598.061200
2027-04-29,-0.037135,3.022587,-0.747748,0.182655,-0.187024,-0.075353,0.657035,0.375005,-0.037135,133852.787046
2027-04-30,-0.043685,3.025325,-0.849658,0.228130,-0.212150,-0.120420,0.613603,0.405123,-0.043685,133079.860604
2027-05-01,-0.046444,3.028063,-0.882977,0.308435,-0.153627,-0.132660,0.599175,0.409271,-0.046444,132813.869241
2027-05-02,-0.041653,3.030801,-0.560608,0.341548,-0.185739,-0.110574,0.613347,0.386727,-0.041653,133552.921089
2027-05-03,-0.013753,3.033539,-0.424944,0.467144,-0.041412,-0.186211,0.522413,0.450355,-0.013753,137435.648329
2027-05-04,-0.042880,3.036277,-0.418572,0.432215,0.071802,-0.202961,0.491539,0.481341,-0.042880,133591.554279
2027-05-05,-0.070025,3.039014,-0.411420,0.516449,-0.028460,-0.195474,0.490092,0.482625,-0.070025,130112.546789
2027-05-06,-0.079415,3.041752,-0.570399,0.507148,-0.023186,-0.169646,0.487547,0.468206,-0.079415,128994.211760
2027-05-07,-0.113322,3.044490,-0.406314,0.447325,-0.058571,-0.010712,0.535266,0.362376,-0.113322,124788.340865
2027-05-08,-0.178224,3.047228,-0.537843,0.501430,-0.050217,0.092438,0.544518,0.328011,-0.178224,117035.190656
2027-05-09,-0.146458,3.049966,-0.620781,0.417137,-0.177447,0.166840,0.546622,0.306129,-0.146458,120904.084993
2027-05-10,-0.101536,3.052704,-0.739351,0.413029,-0.108239,0.148663,0.510206,0.325439,-0.101536,126555.035921
2027-05-11,-0.091440,3.055441,-0.802492,0.295340,-0.285788,0.086515,0.471838,0.362384,-0.091440,127936.021208
2027-05-12,-0.055510,3.058179,-0.833130,0.468686,-0.275999,0.139051,0.511046,0.333384,-0.055510,132716.763118
2027-05-13,-0.029745,3.060917,-0.837138,0.476033,-0.274934,0.172998,0.531335,0.316298,-0.029745,136283.811075
2027-05-14,-0.092036,3.063655,-0.977927,0.505050,-0.364417,0.211679,0.548355,0.298135,-0.092036,128150.556265
2027-05-15,-0.077322,3.066393,-0.814102,0.510895,-0.373011,0.126909,0.475817,0.369896,-0.077322,130148.505215
2027-05-16,-0.092787,3.069131,-0.554124,0.517634,-0.299063,0.229590,0.513504,0.301546,-0.092787,128248.280870
2027-05-17,-0.118119,3.071869,-0.487869,0.489225,-0.268813,0.208636,0.494949,0.320211,-0.118119,125134.977033
2027-05-18,-0.152565,3.074606,-0.603922,0.357610,-0.449299,0.274416,0.535609,0.302755,-0.152565,120989.406759
2027-05-19,-0.230782,3.077344,-0.629401,0.414737,-0.347578,0.321767,0.556437,0.288510,-0.230782,111971.328084
2027-05-20,-0.272907,3.080082,-0.629614,0.340380,-0.396880,0.294415,0.531130,0.329179,-0.272907,107433.715501
2027-05-21,-0.260997,3.082820,-0.622671,0.255633,-0.356993,0.277381,0.508493,0.356487,-0.260997,108803.081701
2027-05-22,-0.221473,3.085558,-0.649451,0.264924,-0.290587,0.263123,0.492969,0.375462,-0.221473,113275.103800
2027-05-23,-0.289873,3.088296,-0.616672,0.187273,-0.314275,0.248526,0.484572,0.389857,-0.289873,105866.168804
2027-05-24,-0.297084,3.091034,-0.569498,0.185801,-0.353652,0.190978,0.426476,0.458603,-0.297084,105184.937683
2027-05-25,-0.241059,3.093771,-0.622259,-0.091744,-0.615275,0.182907,0.415589,0.461553,-0.241059,111330.193338
2027-05-26,-0.206950,3.096509,-0.553692,-0.057695,-0.571366,0.231997,0.442056,0.407501,-0.206950,115280.210957
2027-05-27,-0.195056,3.099247,-0.655398,-0.174691,-0.543733,0.284201,0.467253,0.363371,-0.195056,116747.650687
2027-05-28,-0.177454,3.101985,-0.658034,-0.155909,-0.489682,0.312238,0.471936,0.348173,-0.177454,118910.604081
2027-05-29,-0.229126,3.104723,-0.734251,-0.104923,-0.483008,0.406959,0.505192,0.290580,-0.229126,113007.633225
2027-05-30,-0.267387,3.107461,-0.609542,-0.034377,-0.394339,0.513858,0.574877,0.207135,-0.267387,108847.595039
2027-05-31,-0.276827,3.110198,-0.400249,-0.186314,-0.313510,0.590071,0.726286,0.120265,-0.276827,107906.368325
2027-06-01,-0.299753,3.112936,-0.408216,-0.146878,-0.289146,0.643877,0.798344,0.086339,-0.299753,105540.342297
2027-06-02,-0.292722,3.115674,-0.248403,-0.157691,-0.377927,0.672880,0.845895,0.079336,-0.292722,106365.162096
2027-06-03,-0.280944,3.118412,-0.221811,-0.231177,-0.373960,0.685712,0.859833,0.083955,-0.280944,107706.669799
2027-06-04,-0.286010,3.121150,-0.238632,-0.266338,-0.320187,0.737889,0.884125,0.070372,-0.286010,107243.229843
2027-06-05,-0.269821,3.123888,-0.209817,-0.291460,-0.333557,0.768168,0.883641,0.067913,-0.269821,109075.731706
2027-06-06,-0.280516,3.126626,-0.235183,-0.291703,-0.422602,0.817297,0.909870,0.057313,-0.280516,107996.830841
2027-06-07,-0.288373,3.129363,-0.851653,-0.238197,-0.286581,0.902712,0.976446,-0.013196,-0.288373,107232.434013
2027-06-08,-0.304217,3.132101,-0.931291,-0.085759,-0.244252,0.930294,0.996357,-0.027942,-0.304217,105626.501384
2027-06-09,-0.269282,3.134839,-0.927599,-0.191996,-0.209328,0.945534,1.001744,-0.029315,-0.269282,109464.283798
2027-06-10,-0.227131,3.137577,-0.949780,-0.096418,-0.238349,0.955190,0.997586,-0.019095,-0.227131,114263.007303
2027-06-11,-0.213501,3.140315,-0.960022,-0.148334,-0.293554,0.977818,0.998385,-0.023987,-0.213501,115918.428141
2027-06-12,-0.181924,3.143053,-1.161345,-0.156727,-0.279108,0.962402,0.975402,0.027932,-0.181924,119727.317582
2027-06-13,-0.206565,3.145791,-1.152260,-0.159809,-0.274592,0.952100,0.944977,0.043382,-0.206565,116901.192126
2027-06-14,-0.229574,3.148528,-1.385046,-0.136291,-0.289453,0.999173,0.951696,-0.005246,-0.229574,114328.241067
2027-06-15,-0.236109,3.151266,-1.510708,-0.202226,-0.225262,1.014935,0.881783,-0.031998,-0.236109,113669.112356
2027-06-16,-0.243953,3.154004,-1.703755,-0.310097,-0.374079,1.013967,0.869468,-0.033089,-0.243953,112865.912824
2027-06-17,-0.241641,3.156742,-1.597848,-0.205321,-0.307609,1.024440,0.873992,-0.049455,-0.241641,113212.368918
2027-06-18,-0.247499,3.159480,-1.610103,-0.230936,-0.362617,1.011640,0.856368,-0.047003,-0.247499,112635.816012
2027-06-19,-0.266791,3.162218,-1.671896,-0.245141,-0.338354,1.017369,0.872151,-0.054908,-0.266791,110566.892845
2027-06-20,-0.265403,3.164956,-1.679080,-0.232702,-0.336878,1.024862,0.914446,-0.079909,-0.265403,110803.851777
2027-06-21,-0.265627,3.167693,-1.687366,-0.464037,-0.506806,0.919337,0.911469,-0.070709,-0.265627,110862.397429
2027-06-22,-0.245386,3.170431,-1.620616,-0.498135,-0.445372,0.970426,0.980929,-0.097986,-0.245386,113214.360846
2027-06-23,-0.256513,3.173169,-1.588473,-0.424024,-0.376597,0.856863,0.921388,-0.076886,-0.256513,112045.893867
2027-06-24,-0.266073,3.175907,-1.613446,-0.296519,-0.340084,0.770701,0.888019,-0.056264,-0.266073,111063.360917
2027-06-25,-0.265407,3.178645,-1.744574,-0.318540,-0.343268,0.688117,0.867077,-0.032133,-0.265407,111220.906225
2027-06-26,-0.267828,3.181383,-1.748139,-0.210013,-0.246622,0.619095,0.855001,-0.016304,-0.267828,111035.384503
2027-06-27,-0.249097,3.184120,-1.796379,-0.107004,-0.158987,0.484154,0.795438,0.063674,-0.249097,113219.855946
2027-06-28,-0.274684,3.186858,-1.816884,-0.101438,-0.177433,0.389189,0.777798,0.105871,-0.274684,110442.672105
2027-06-29,-0.271716,3.189596,-1.951147,-0.131004,-0.098149,0.342065,0.770682,0.119612,-0.271716,110854.233187
2027-06-30,-0.274059,3.192334,-2.323498,-0.019998,0.001400,0.321252,0.777049,0.117790,-0.274059,110677.965720
2027-07-01,-0.289298,3.195072,-2.323483,-0.035897,0.088519,0.297952,0.775254,0.121430,-0.289298,109086.078117
2027-07-02,-0.311495,3.197810,-2.453289,-0.062896,0.049379,0.311567,0.798548,0.098680,-0.311495,106771.477059
2027-07-03,-0.306021,3.200548,-2.358468,0.002471,0.096810,0.242407,0.713194,0.193572,-0.306021,107438.193229
2027-07-04,-0.323617,3.203285,-2.361964,0.058558,0.115638,0.187314,0.685185,0.242110,-0.323617,105643.598479
2027-07-05,-0.334219,3.206023,-2.355116,-0.002147,0.011255,0.111012,0.669518,0.294866,-0.334219,104607.938685
2027-07-06,-0.331924,3.208761,-2.171695,0.139466,0.162341,0.013537,0.609550,0.388144,-0.331924,104927.019229
2027-07-07,-0.335356,3.211499,-1.689593,0.066244,0.218598,-0.106730,0.562479,0.478783,-0.335356,104646.115348
2027-07-08,-0.356806,3.214237,-1.615282,0.019990,0.238592,-0.153783,0.546459,0.517289,-0.356806,102502.233039
2027-07-09,-0.330265,3.216975,-1.627392,0.004208,0.196071,-0.220812,0.528705,0.560694,-0.330265,105338.167809
2027-07-10,-0.311062,3.219713,-1.642000,0.040973,0.238293,-0.272735,0.505693,0.596611,-0.311062,107461.109835
2027-07-11,-0.261108,3.222450,-1.604731,0.064757,0.320090,-0.246897,0.522267,0.569023,-0.261108,113050.305389
2027-07-12,-0.207103,3.225188,-1.337957,0.131240,0.434875,-0.269879,0.484044,0.604413,-0.207103,119413.010679
2027-07-13,-0.202959,3.227926,-1.374735,0.114375,0.328359,-0.282444,0.439311,0.623580,-0.202959,119998.810716
2027-07-14,-0.201719,3.230664,-1.256134,0.028766,0.339501,-0.263233,0.405599,0.629140,-0.201719,120237.762214
2027-07-15,-0.216943,3.233402,-1.311917,-0.005023,0.270331,-0.256842,0.383789,0.639826,-0.216943,118509.992137
2027-07-16,-0.247126,3.236140,-1.358460,0.119530,0.237674,-0.213954,0.400493,0.629432,-0.247126,115072.664378
2027-07-17,-0.267623,3.238877,-1.323274,0.112350,0.273371,-0.163094,0.379849,0.612802,-0.267623,112822.576705
2027-07-18,-0.283233,3.241615,-1.274210,0.187015,0.362292,-0.011311,0.421348,0.528515,-0.283233,111158.331251
2027-07-19,-0.291202,3.244353,-1.271216,0.138877,0.243901,0.054025,0.414824,0.499097,-0.291202,110358.651475
2027-07-20,-0.292534,3.247091,-1.211567,0.153313,0.234175,0.075617,0.397832,0.496031,-0.292534,110294.341761
2027-07-21,-0.296338,3.249829,-1.179114,0.433938,0.370911,0.095683,0.394607,0.477050,-0.296338,109957.870313
2027-07-22,-0.310881,3.252567,-1.352177,0.516858,0.348638,0.104857,0.386155,0.465876,-0.310881,108451.498880
2027-07-23,-0.290624,3.255305,-1.502205,0.463520,0.349122,0.096416,0.366997,0.480420,-0.290624,110753.766033
2027-07-24,-0.263800,3.258042,-1.544480,0.490587,0.419759,0.145203,0.398232,0.458553,-0.263800,113849.955521
2027-07-25,-0.235885,3.260780,-1.539447,0.529410,0.430752,0.137305,0.395763,0.471645,-0.235885,117160.534324
2027-07-26,-0.225635,3.263518,-1.526048,0.481118,0.475099,0.066636,0.374273,0.524568,-0.225635,118456.188129
2027-07-27,-0.228054,3.266256,-0.861987,0.407843,0.436104,0.148806,0.187286,0.629382,-0.228054,118258.484325
2027-07-28,-0.258306,3.268994,-0.836775,0.369255,0.449834,0.134465,0.016329,0.773938,-0.258306,114820.395137
2027-07-29,-0.273982,3.271732,-0.803697,0.305627,0.373178,0.111836,-0.076771,0.861988,-0.273982,113119.091602
2027-07-30,-0.281824,3.274470,-0.803805,0.247747,0.284372,0.090245,-0.117819,0.915468,-0.281824,112319.368076
2027-07-31,-0.285235,3.277207,-0.799264,0.223142,0.291965,0.068172,-0.145964,0.957612,-0.285235,112020.731789
2027-08-01,-0.272178,3.279945,-0.802103,0.286865,0.379619,0.059983,-0.166303,0.975568,-0.272178,113577.872455
2027-08-02,-0.265116,3.282683,-0.830523,0.205036,0.393655,0.065867,-0.144468,0.941995,-0.265116,114468.246387
2027-08-03,-0.261982,3.285421,-0.856413,0.270279,0.308423,0.065687,-0.142311,0.953869,-0.261982,114913.466321
2027-08-04,-0.245898,3.288159,-0.815857,0.370183,0.321863,0.026606,-0.163919,1.005541,-0.245898,116864.005849
2027-08-05,-0.243421,3.290897,-0.989253,0.234124,0.189502,-0.013756,-0.183612,1.051832,-0.243421,117241.314591
2027-08-06,-0.253583,3.293634,-0.648765,0.236899,0.251201,0.036577,-0.152365,0.976050,-0.253583,116142.715696
2027-08-07,-0.253324,3.296372,-0.614969,0.280032,0.334103,0.053694,-0.109166,0.932598,-0.253324,116259.621958
2027-08-08,-0.258968,3.299110,-0.254857,0.355393,0.319728,0.180019,0.085496,0.685243,-0.258968,115691.711740
2027-08-09,-0.297852,3.301848,-0.240416,0.248745,0.177379,0.286176,0.165924,0.569107,-0.297852,111362.582819
2027-08-10,-0.264858,3.304586,-0.088361,0.259062,0.236081,0.262088,0.078918,0.659747,-0.264858,115184.089253
2027-08-11,-0.292064,3.307324,-0.100106,0.267531,0.234569,0.218236,0.016404,0.745162,-0.292064,112176.363236
2027-08-12,-0.301811,3.310062,-0.022190,0.251605,0.147342,0.189251,-0.007350,0.789512,-0.301811,111171.304059
2027-08-13,-0.280042,3.312799,-0.025357,0.295120,0.118313,0.152008,-0.020853,0.820920,-0.280042,113702.749510
2027-08-14,-0.280810,3.315537,-0.029495,0.326568,0.089948,0.083888,-0.033415,0.871522,-0.280810,113700.170595
2027-08-15,-0.253434,3.318275,0.052325,0.403314,0.191760,0.037188,-0.041055,0.907106,-0.253434,116943.119228
2027-08-16,-0.220553,3.321013,0.054485,0.413578,0.184004,0.000959,-0.043581,0.932024,-0.220553,120942.401587
2027-08-17,-0.205473,3.323751,0.045410,0.379812,0.323097,0.038099,-0.003244,0.856444,-0.205473,122871.590228
2027-08-18,-0.227314,3.326489,0.035344,0.439750,0.268269,0.005182,-0.039971,0.884837,-0.227314,120306.723019
2027-08-19,-0.214707,3.329227,0.036540,0.450732,0.386470,-0.005107,-0.055107,0.895699,-0.214707,121923.953121
2027-08-20,-0.221276,3.331964,0.031461,0.468911,0.370509,0.021189,-0.062158,0.897953,-0.221276,121215.947185
2027-08-21,-0.363678,3.334702,0.068994,0.440902,0.314253,0.020805,-0.124032,0.970970,-0.363678,105205.666818
2027-08-22,-0.426173,3.337440,0.129604,0.499016,0.344632,0.085047,-0.088481,0.896797,-0.426173,98905.723903
2027-08-23,-0.431395,3.340178,0.198868,0.444457,0.354301,0.156215,-0.047056,0.800730,-0.431395,98463.916728
